tweet_id,text,created_at,author_id,retweet_count,reply_count,like_count,quote_count,sentiment,sentiment_score,primary_topic,topics,games,companies,platforms,people,content_type,summary,analyzed_at
2001656770645615013,@Lexar_Gaming I need one @jonanarranzz,2025-12-18 14:12:17+00:00,1514991564174635012,0,0,0,0,positive,0.7,product request,"['gaming hardware', 'product desire', 'social mention']",[],['Lexar Gaming'],[],['jonanarranzz'],other,User expresses need for a Lexar Gaming product while tagging another user.,2026-01-10 11:35:17.635985
2001656753029550085,Cleared the bs reposts off my profile. Kept the gaming reposts 🎮❤️,2025-12-18 14:12:13+00:00,1880073685794447360,0,0,0,0,neutral,0.6,profile cleanup,"['social media management', 'content curation', 'gaming preferences']",[],[],[],[],other,User cleaned their social media profile by removing non-gaming reposts while keeping gaming-related content.,2026-01-10 11:35:21.558546
2001656732943040516,"@OBE1plays That would be all of my favourite gaming under one roof.

Nintendo and Square Enix, for me, ARE video games.",2025-12-18 14:12:08+00:00,1122515293870231553,0,0,0,0,positive,0.9,gaming preferences,"['gaming companies', 'favorite games', 'brand loyalty']",[],"['Nintendo', 'Square Enix']",[],['OBE1plays'],discussion,User expresses strong preference for Nintendo and Square Enix as their favorite gaming companies that represent video games to them.,2026-01-10 11:35:25.692536
2001656725246521571,"The most dangerous player in efootball 
#eFootball2026 #eFootball #eafc26 #ufl #goals #fc26 #gaming #football #ps5 https://t.co/UkDWyuVf1l https://t.co/XZCog18mKj",2025-12-18 14:12:06+00:00,1491794006031802368,0,0,0,0,positive,0.7,eFootball gameplay,"['eFootball skills', 'player performance', 'football gaming']","['eFootball', 'EA FC', 'UFL']",[],['PS5'],[],excitement,Player boasting about being the most dangerous player in eFootball with gameplay content.,2026-01-10 11:35:30.150225
2001656700269445349,@CommodoreBlog This was peak C64 gaming.,2025-12-18 14:12:00+00:00,19237341,0,0,0,0,positive,0.8,retro gaming,"['retro gaming', 'C64', 'nostalgia']",[],['Commodore'],['C64'],[],discussion,User expresses nostalgia about Commodore 64 gaming being at its peak.,2026-01-10 11:35:33.981522
2001656693273636910,I’m calling bs #shorts #gtaonline #gta5 #gaming #fyp #ps5 #degenerate #g... https://t.co/QOw9gyfIWP via @YouTube,2025-12-18 14:11:59+00:00,1634954637383028737,0,0,0,0,negative,0.2,GTA complaint,"['GTA Online', 'gaming controversy', 'social media content']","['GTA Online', 'GTA 5']",['YouTube'],"['PS5', 'YouTube']",[],complaint,Player expressing disbelief or calling out something questionable in GTA Online while sharing video content.,2026-01-10 11:35:38.625138
2001656676517134534,@DJK1NG_Gaming I do have a question tho because you basically just described EVERY boss battle since 8 bit the difference now being you can go in circles not just back n forth,2025-12-18 14:11:55+00:00,1402284685347147781,0,0,0,0,neutral,0.5,boss battles,"['boss battles', 'game mechanics', 'gaming history']",[],[],['8 bit'],['DJK1NG_Gaming'],question,"User questions whether modern boss battles are fundamentally different from classic 8-bit era boss fights, suggesting the main change is movement patterns.",2026-01-10 11:35:43.131588
2001656675032244527,"Champions of Tabletop: Wizards Asylum in Wichita, KS. 

At Frontline Gaming, we believe local game stores are the backbone of the tabletop hobby. 
Today, we’re excited to spotlight Wizard’s Alley!

https://t.co/Xdu13Ljuk5

#flgs #tabletopgaming #wizardsalley https://t.co/johzrJCNDb",2025-12-18 14:11:54+00:00,607503601,0,0,0,0,positive,0.8,game store,"['local game stores', 'tabletop gaming', 'community spotlight']",[],"['Frontline Gaming', 'Wizards Asylum', ""Wizard's Alley""]",[],[],news,"Frontline Gaming is spotlighting Wizard's Alley game store in Wichita, KS as part of their Champions of Tabletop series celebrating local game stores.",2026-01-10 11:35:47.354090
2001656663548604458,"@anitaahuja121 @S_N_GAMING Bilkul 
Good evening 👍👍",2025-12-18 14:11:52+00:00,1483114193524260864,0,0,0,0,positive,0.8,social greeting,"['greeting', 'social interaction', 'gaming community']",[],[],[],"['anitaahuja121', 'S_N_GAMING']",other,A friendly evening greeting exchange between gaming community members.,2026-01-10 11:35:50.947076
2001656645827649767,@Jaxon0x Solana gaming meta is heating up,2025-12-18 14:11:48+00:00,951260786046926848,0,0,0,0,positive,0.8,Solana gaming,"['Solana', 'gaming meta', 'blockchain gaming']",[],[],['Solana'],['Jaxon0x'],excitement,User expressing enthusiasm about the growing momentum in Solana-based gaming.,2026-01-10 11:35:55.015514
2001656634599481605,"@AnhHc8 @TauntCoin If Web3 gaming is about immersion rather than mechanics, this direction makes a lot of sense.",2025-12-18 14:11:45+00:00,106268675,0,0,0,0,positive,0.7,Web3 gaming,"['Web3 gaming', 'game immersion', 'game mechanics']",[],['TauntCoin'],[],['AnhHc8'],discussion,User agrees that focusing on immersion over mechanics is a sensible direction for Web3 gaming.,2026-01-10 11:35:58.962164
2001656592685502563,"Hey, so, can we get rid of difficulties in gaming? Maybe that way we'd get rid of IGN reviews if they can't make it pass the tutorial. Why do we have even it? The 90s and 2000s, there wasn't hardly any. Elden Ring doesn't AND IT WON GOTY. 😐 You can't finish it? Oh well! 🤷‍♀️",2025-12-18 14:11:35+00:00,1890824787334709249,0,0,0,0,negative,0.3,game difficulty,"['difficulty settings', 'game reviews', 'accessibility', 'game design']",['Elden Ring'],['IGN'],[],[],complaint,"User argues against difficulty options in games, criticizing IGN reviews and citing Elden Ring's success without difficulty settings.",2026-01-10 11:36:03.348253
2001656583974195491,"@yarhuter Exploring NFTs, DeFi projects, and blockchain gaming. Innovating!",2025-12-18 14:11:33+00:00,1915912896,0,0,0,0,positive,0.8,blockchain gaming,"['NFTs', 'DeFi', 'blockchain gaming', 'innovation']",[],[],[],['yarhuter'],excitement,"User expresses enthusiasm about exploring NFTs, DeFi projects, and blockchain gaming innovations.",2026-01-10 11:36:07.085239
2001656583676362971,@DJK1NG_Gaming Niggas when a game doesn’t have guns or balls in it https://t.co/KicRQHQGqt,2025-12-18 14:11:33+00:00,954763967943073794,0,0,0,0,negative,0.3,game preferences,"['gaming preferences', 'game genres', 'community discussion']",[],[],[],['DJK1NG_Gaming'],discussion,A reply commenting on gamers' reactions to games that don't feature guns or sports content.,2026-01-10 11:36:11.404504
2001656581537329267,"looking for interactive moots 

-26 / she / her

-Music (BMTH,Neck deep,sleep token,bad omens)

-games(Zelda,resident evil,RuneScape,Fortnite

-Anime(AOT,death note, chainsaw man,dandadan) 

♡/↺if you wanna be moots:)

#anitwt #gaming #moothunt #musictwt

#promotwt https://t.co/2NwDJWp15h",2025-12-18 14:11:32+00:00,898999004591255554,0,0,1,0,positive,0.8,friend seeking,"['social networking', 'gaming', 'anime', 'music']","['Zelda', 'Resident Evil', 'RuneScape', 'Fortnite']",[],['Twitter'],[],other,"A 26-year-old gamer is seeking interactive friends who share interests in specific games, anime, and music genres.",2026-01-10 11:36:15.787913
2001656537224499201,@2_Old_4_Gaming Just noticed you already had need for speed,2025-12-18 14:11:22+00:00,1061591887109373954,0,0,0,0,neutral,0.5,game observation,"['need for speed', 'gaming collection', 'casual observation']",['Need for Speed'],[],[],['@2_Old_4_Gaming'],discussion,User casually mentions noticing that another gamer already owns Need for Speed.,2026-01-10 11:36:20.045367
2001656532036128843,@Lutra_Gaming We all need a little comfort in times of war.,2025-12-18 14:11:20+00:00,1599908660532359168,0,0,1,0,neutral,0.4,gaming comfort,"['comfort gaming', 'war context', 'community support']",[],[],[],['Lutra_Gaming'],discussion,A response to Lutra_Gaming suggesting that gaming provides comfort during difficult times of conflict.,2026-01-10 11:36:24.189884
2001656510829728235,@proaleena Payal gaming available on my profile 🫣🫣 https://t.co/RhE0abV9U1,2025-12-18 14:11:15+00:00,1686710286991192064,0,0,0,0,neutral,0.6,content promotion,"['gaming content', 'profile promotion', 'social media']",[],[],[],['proaleena'],other,User promoting gaming content available on their profile to another user.,2026-01-10 11:36:28.494799
2001656507184943106,"Clock is ticking....... RUN!!!! 

@OnceHuman_  @OnceHuman_JP 

#OnceHuman #gaming #openworld #OnceHumanMobile #VirtualPhotography #VPWorld  #VPHiddenGems #VPCONTEXT #VPGAMERS https://t.co/EyxLDRhCRo",2025-12-18 14:11:14+00:00,1962846490474483713,0,0,0,0,positive,0.8,game promotion,"['gaming', 'open world', 'mobile gaming', 'virtual photography']",['Once Human'],[],['mobile'],[],excitement,Excited promotional post about Once Human game featuring virtual photography with urgent action-themed messaging.,2026-01-10 11:36:32.626465
2001656497160491172,"@MMs_Gaming_Co Happy #ThumbsUpThursday !

Our first game #Barfender is a Co-op bar simulator
Built for friends! 🍻 Built for chaos! 🤡
https://t.co/LEwXRUgsqc",2025-12-18 14:11:12+00:00,1998882519035543552,0,0,0,0,positive,0.8,game promotion,"['game announcement', 'co-op gaming', 'bar simulator']",['Barfender'],['MMs_Gaming_Co'],[],[],excitement,Developer promoting their co-op bar simulator game Barfender as part of ThumbsUpThursday celebration.,2026-01-10 11:36:36.778423
2001656472535450109,"If you are looking for the latest New Game Trailer check out this YouTube Video: GTA 6 trailer 😱😱#gta6trailer #gta6graphics #gta6 #trendingreels #viralthisshorts #newgame #trending https://t.co/dENzqrnENh

#Trailers #Gaming #NewGame #GameTrailer",2025-12-18 14:11:06+00:00,760533323756240896,0,0,0,0,positive,0.8,GTA 6 trailer,"['game trailer', 'GTA 6', 'video promotion']",['GTA 6'],[],['YouTube'],[],excitement,User excitedly promotes a GTA 6 trailer video on YouTube with multiple trending hashtags.,2026-01-10 11:36:41.098725
2001656457184579980,"Daily Promotion 🔥🚀📢

🔹Like🩷
🔹Reposts♻️
🔹Comments ✍️
🔹Drops link yt/twitch/kick↩️

📩Dm me  for special promo🩷

#kick #DragonAge #BioWare #RPGStreamer #LiveNow
#twitch #gaming
#youtube @ProStreamerRTR

Follow 🫵@SevyrGaming

Subscribe 🙏
https://t.co/IH2yvTCXMw https://t.co/3xiVmNIj3O",2025-12-18 14:11:03+00:00,4901736074,2,1,3,0,positive,0.8,stream promotion,"['streaming', 'promotion', 'social media engagement']",['Dragon Age'],['BioWare'],"['Kick', 'Twitch', 'YouTube']","['ProStreamerRTR', 'SevyrGaming']",excitement,A streamer promoting their content across multiple platforms while asking for engagement and offering special promotions for Dragon Age RPG streaming.,2026-01-10 11:36:45.956936
2001656454026338565,"Check out Lords Of Gaming article by @CUnit123123  Always writing wonderful stuff 

Here is his write up on Video Game Worlds to Live In or Be Trapped In

Link 👇🏽👇🏽👇🏽
https://t.co/X5YjW6zaiz",2025-12-18 14:11:02+00:00,2923474696,0,0,0,0,positive,0.8,gaming article,"['gaming journalism', 'article promotion', 'game worlds']",[],['Lords Of Gaming'],[],['CUnit123123'],news,"A positive promotion of a Lords Of Gaming article about video game worlds to live in or be trapped in, written by CUnit123123.",2026-01-10 11:36:50.144833
2001656450289127501,@SkyMeaty_Gaming Unfortunately yur DMs seems to be closed rn so can i get a follow back?,2025-12-18 14:11:01+00:00,769089846023421952,0,0,0,0,neutral,0.6,social media,"['follow request', 'direct messages', 'social networking']",[],[],[],['SkyMeaty_Gaming'],question,User requests a follow back from a gaming account because their DMs are closed.,2026-01-10 11:36:54.043998
2001656440348426702,"🔥 #Crypto wallets are becoming the backbone of gaming 🎮

They’re no longer just for storage. Wallets are turning into core #Web3 infrastructure, enabling real ownership of in-game assets 👉 https://t.co/6siGYZXZPq",2025-12-18 14:10:59+00:00,1950198735797116928,0,0,1,0,positive,0.8,crypto wallets,"['crypto wallets', 'web3 gaming', 'digital asset ownership']",[],[],['Web3'],[],news,Tweet discusses how crypto wallets are evolving beyond storage to become essential Web3 gaming infrastructure for true asset ownership.,2026-01-10 11:36:58.172391
2001656439069372717,@Lexar_Gaming @Kurifuraa try too!,2025-12-18 14:10:58+00:00,1821831251889942531,0,0,0,0,positive,0.6,gaming encouragement,"['gaming', 'encouragement', 'social']",[],['Lexar'],[],['Kurifuraa'],discussion,User encouraging someone to try something gaming-related while tagging Lexar Gaming and another user.,2026-01-10 11:37:02.314731
2001656434413404386,"AI-powered copy trading.
LEGAS helps you mirror top crypto traders with automated precision.

 @roifranek @ShadowD_Gaming @viafurniture

Ad Reference: cd51256c-f33f-463b-80d4-6785848d2eea https://t.co/8H2AVb0TbY",2025-12-18 14:10:57+00:00,2212166225,0,0,0,0,positive,0.7,crypto trading,"['AI trading', 'cryptocurrency', 'automated trading', 'copy trading']",[],['LEGAS'],['Twitter'],"['roifranek', 'ShadowD_Gaming', 'viafurniture']",other,Advertisement for LEGAS AI-powered crypto copy trading platform that helps users mirror successful traders automatically.,2026-01-10 11:37:06.342784
2001656425274364146,"@oneplus Ans: Jonathan Gaming 

@OnePlus_IN
  
#OnePlus15R #RiseAsOne #OnePlusPadGo2",2025-12-18 14:10:55+00:00,1653415765242945536,0,0,0,0,positive,0.7,OnePlus promotion,"['OnePlus devices', 'gaming endorsement', 'product launch']",[],['OnePlus'],[],['Jonathan Gaming'],excitement,Gaming influencer Jonathan Gaming promotes OnePlus devices including OnePlus 15R and OnePlus Pad Go 2.,2026-01-10 11:37:10.411981
2001656410430455833,"Embark on an epic journey in 15th Century Bohemia as Henry seeks vengeance. Shape your destiny!

https://t.co/nF0c4r17EO

Price: $30 (50% off)

#amazon #gaming #xboxseriesx #kingdomcome #ad https://t.co/aB1jglQpy8",2025-12-18 14:10:51+00:00,1636811583371243520,0,0,0,0,positive,0.8,game promotion,"['game sale', 'medieval RPG', 'Xbox gaming']",['Kingdom Come'],['Amazon'],['Xbox Series X'],['Henry'],excitement,Promotional tweet advertising Kingdom Come game set in 15th Century Bohemia at 50% off on Amazon for Xbox Series X.,2026-01-10 11:37:14.997952
2001656386632192138,"@2_Old_4_Gaming The PS5 didn't even outsell the Switch 1 in November 2020, the month the PS5 released.
Old consoles outselling new ones isn't anything new...",2025-12-18 14:10:46+00:00,1099462610,0,0,0,0,neutral,0.4,console sales,"['console sales', 'PlayStation 5', 'Nintendo Switch', 'gaming industry']",[],"['Sony', 'Nintendo']","['PS5', 'Switch']",['2_Old_4_Gaming'],discussion,"User discusses how PS5 didn't outsell Nintendo Switch in its launch month, noting that older consoles outselling newer ones is common.",2026-01-10 11:37:19.585857
2001656384824471593,"@FeilianBeringal @Noel_Ssi @2oe_9 @shiraitoart983 ???
Bruh the only units that are cons reliant there is XQ, XL, Chev, Iansan, Gaming and Razor.

XQ and XL are day 1 characters that are given out multiple times for free and in the shop and the lantern rite selector alongwith Gaming.",2025-12-18 14:10:45+00:00,1309773461900808192,0,0,0,0,neutral,0.6,character accessibility,"['character constellations', 'free characters', 'game balance']",['Genshin Impact'],[],[],"['FeilianBeringal', 'Noel_Ssi', '2oe_9', 'shiraitoart983']",discussion,"Player defending the accessibility of constellation-dependent characters by pointing out that key units like XQ, XL, and Gaming are given out for free multiple times.",2026-01-10 11:37:24.394616
2001656378650251573,@tezukaTez amazing insight on sei gaming staying power,2025-12-18 14:10:44+00:00,1541087415586041856,0,0,0,0,positive,0.8,sei gaming,"['sei gaming', 'gaming insights', 'staying power']",[],[],['sei'],['tezukaTez'],discussion,User praising tezukaTez's analysis about sei gaming's long-term viability and staying power.,2026-01-10 11:37:28.420796
2001656372140945740,@SkyMeaty_Gaming Hey? Here's my mascot logos portfolio as well https://t.co/zrYCiAqIy0,2025-12-18 14:10:42+00:00,769089846023421952,0,0,0,0,neutral,0.6,portfolio sharing,"['portfolio', 'mascot logos', 'self promotion']",[],[],[],['SkyMeaty_Gaming'],other,User sharing their mascot logo portfolio with another gaming account.,2026-01-10 11:37:32.495383
2001656369376866323,"AI-powered copy trading.
LEGAS helps you mirror top crypto traders with automated precision.

 @LeonelA47402897 @useobwaas @Mellow_Gaming_

Ad Reference: 3753e70c-d187-4eca-8d17-7174c837b290 https://t.co/iB8RkgKw6O",2025-12-18 14:10:42+00:00,2855514335,0,0,0,0,positive,0.7,crypto trading,"['AI trading', 'cryptocurrency', 'automated trading']",[],"['LEGAS', 'useobwaas', 'Mellow_Gaming_']",['Twitter'],['LeonelA47402897'],news,LEGAS promotes their AI-powered copy trading service that helps users automatically mirror successful crypto traders.,2026-01-10 11:37:36.543640
2001656366352732648,@MahirAlphaHub @SIXR_cricket Good gaming there,2025-12-18 14:10:41+00:00,1512270807468281858,0,0,0,0,positive,0.7,gaming compliment,"['gaming', 'cricket', 'compliment']",['cricket game'],[],[],['MahirAlphaHub'],discussion,A positive comment complimenting someone's cricket gaming performance.,2026-01-10 11:37:40.597830
2001656365727801785,@tezukaTez do you think sei gaming will influence mainstream esports trends in the next year,2025-12-18 14:10:41+00:00,253324990,0,0,0,0,neutral,0.5,esports trends,"['sei gaming', 'esports trends', 'mainstream gaming']",['sei gaming'],[],[],['tezukaTez'],question,User asks about sei gaming's potential influence on mainstream esports trends in the coming year.,2026-01-10 11:37:44.663942
2001656363395793136,"AI-powered copy trading.
LEGAS helps you mirror top crypto traders with automated precision.

 @SmashlyB_Gaming @alokin60 @omeruulas

Ad Reference: fc1f8d25-2f2b-4e43-af29-7837359def6a https://t.co/gPBoinB1Ys",2025-12-18 14:10:40+00:00,1374394279041200128,0,0,0,0,positive,0.7,crypto trading,"['AI trading', 'copy trading', 'cryptocurrency', 'automation']",[],['LEGAS'],['Twitter'],"['SmashlyB_Gaming', 'alokin60', 'omeruulas']",other,Advertisement for LEGAS AI-powered copy trading service that helps users automatically mirror top cryptocurrency traders.,2026-01-10 11:37:48.881780
2001656345880146330,@DJK1NG_Gaming souls combat is lowk terrible 🤣🤣🤣🤣,2025-12-18 14:10:36+00:00,1240623823617228801,0,0,0,0,negative,0.2,souls combat,"['combat mechanics', 'game criticism', 'souls games']",['souls games'],[],[],['DJK1NG_Gaming'],complaint,User criticizes the combat system in souls games as being terrible while using laughing emojis.,2026-01-10 11:37:52.885761
2001656335876641086,"@RealTalkRJ @SeanFraserMP If your cabinet record was defensible, you’d call an election. Backroom math isn’t democracy, it’s evasion.

This isn’t “parliamentary democracy.” It’s procedural gaming with a straight face.

A minority government flipping MPs to dodge voters isn’t leadership, it’s fear of",2025-12-18 14:10:34+00:00,1467871362207268872,0,0,0,0,negative,0.2,political criticism,"['politics', 'government', 'democracy']",[],[],[],"['RealTalkRJ', 'SeanFraserMP']",complaint,User criticizes government cabinet for avoiding election and engaging in procedural tactics rather than facing voters directly.,2026-01-10 11:37:56.871692
2001656302154707211,@jujubee_gaming Im still on page one 🙈,2025-12-18 14:10:26+00:00,46520200,0,0,0,0,neutral,0.4,game progress,"['game progress', 'gaming difficulty', 'early gameplay']",[],['jujubee_gaming'],[],[],discussion,Player mentions they are still on the first page/level of a game.,2026-01-10 11:38:00.674018
2001656285692121205,"Ever get lost in augmented reality games? I once ended up trying to catch a virtual Pikachu in my neighbor's yard. Spoiler: they're not happy with my ""unexpected visit""! AR gaming is fun until you realize your real-life coordination needs some work!",2025-12-18 14:10:22+00:00,1773692418891649025,0,0,0,0,positive,0.7,AR gaming,"['augmented reality', 'gaming experience', 'real world interaction']",['Pokemon GO'],[],[],['Pikachu'],discussion,Player shares a humorous story about getting too immersed in AR gaming and accidentally trespassing while catching Pokemon.,2026-01-10 11:38:05.144174
2001656280268849276,"@NVIDIAGeForce backing out if graphics cards for consumers is this biggest slap in the face, ever. They were literally BUILT on the premise of gaming. I hate AI and I hope the community bands together on this",2025-12-18 14:10:20+00:00,71903057,0,0,0,0,negative,0.1,graphics cards,"['graphics cards', 'AI', 'consumer gaming']",[],['NVIDIA'],[],[],complaint,"User expresses anger at NVIDIA for allegedly abandoning consumer graphics cards in favor of AI, calling it a betrayal of their gaming roots.",2026-01-10 11:38:10.084753
2001656278444089486,"@Mardaochee Based on your tweets—furry enthusiasm, shitposts, gaming pride (esp. defending Clair Obscur), and anti-LFI jabs—here's my take:

- Dictator: Caligula (eccentric flair)
- Politician: Jordan Bardella (French nationalist vibe)
- Religious figure: Dionysus (party-loving chaos)
-",2025-12-18 14:10:20+00:00,1720665183188922368,0,1,0,0,neutral,0.5,personality analysis,"['personality analysis', 'political commentary', 'gaming discussion']",['Clair Obscur'],[],[],"['Mardaochee', 'Jordan Bardella', 'Caligula', 'Dionysus']",discussion,"A user provides a personality analysis of another gamer based on their social media activity, comparing them to historical and political figures.",2026-01-10 11:38:14.914018
2001656252393517472,"@2_Old_4_Gaming Ridge racer
WRC 3
Minecraft
Need for speed most wanted",2025-12-18 14:10:14+00:00,1061591887109373954,0,1,0,0,neutral,0.5,game list,"['racing games', 'gaming recommendations', 'game collection']","['Ridge Racer', 'WRC 3', 'Minecraft', 'Need for Speed Most Wanted']",[],[],['2_Old_4_Gaming'],discussion,User shares a list of four games including racing titles and Minecraft in response to another user.,2026-01-10 11:38:19.799111
2001656242713047400,"Holographic displays are the future, blending the digital and physical worlds in mind-blowing ways! Imagine gaming, presentations, and even art coming to life right before your eyes. We're just scratching the surface of what's possible. Can't wait to see where this tech goes!",2025-12-18 14:10:11+00:00,1773692517738844160,0,0,0,0,positive,0.9,holographic displays,"['holographic technology', 'gaming innovation', 'future tech']",[],[],[],[],excitement,"An enthusiastic tweet about the potential of holographic display technology for gaming, presentations, and art applications.",2026-01-10 11:38:23.723733
2001656240469131753,@YOM_Official Award-Winning Gaming DePIN  Idle GPUs → global cloud → AAA gaming on any device No consoles. No installs. Just play.,2025-12-18 14:10:11+00:00,2000901604548206597,0,0,0,0,positive,0.8,cloud gaming,"['cloud gaming', 'GPU technology', 'decentralized infrastructure']",[],['YOM_Official'],['DePIN'],[],excitement,YOM promotes their award-winning cloud gaming platform that uses idle GPUs to enable AAA gaming on any device without consoles or installations.,2026-01-10 11:38:27.879878
2001656236815847571,"@SkyMeaty_Gaming Yu got me, Come to DMs",2025-12-18 14:10:10+00:00,769089846023421952,0,0,0,0,neutral,0.6,direct communication,"['private messaging', 'gaming interaction', 'social engagement']",[],[],[],['SkyMeaty_Gaming'],discussion,A gamer acknowledging another user and requesting to continue conversation in direct messages.,2026-01-10 11:38:32.064550
2001656228724740383,"@wmoriarty91 @DiRRec_Gaming_ A remake of a mainline game.  It doesn't stop it being a mainline game because they remade it.  I'd argue it enforces it but you believe what you want to believe.

I don't care in all honesty as I have access to them all on PC and don't have to choose😉",2025-12-18 14:10:08+00:00,859893903062962176,0,0,0,0,neutral,0.6,game remakes,"['remakes', 'mainline games', 'platform access']",[],[],['PC'],"['wmoriarty91', 'DiRRec_Gaming_']",discussion,User argues that remakes of mainline games are still mainline games and mentions having PC access to all games.,2026-01-10 11:38:36.686529
2001656211448725835,"@Grotwurks @Swurv__ I don't hate it per se, but I did feel bitter about it only being available on Xbox once they bought Bethesda, as I only have a PS5 and my gaming laptop is too old.

Gaming exclusivity has always sucked, though.  That's nothing new.",2025-12-18 14:10:04+00:00,1522371933546991616,0,1,1,0,negative,0.3,gaming exclusivity,"['exclusivity', 'console wars', 'Bethesda acquisition']",[],"['Xbox', 'Bethesda']","['Xbox', 'PS5']","['Grotwurks', 'Swurv__']",complaint,"User expresses frustration about Xbox exclusivity after Bethesda acquisition, criticizing gaming exclusivity in general while being limited to PS5 and an old laptop.",2026-01-10 11:38:41.141565
2001656202917540138,"Tamper-proof match records are necessary for fair competitive gaming. Centralized logs are susceptible to loss or editing. Esports and multiplayer games are now more transparent and reliable thanks to DataHaven's verifiable, cryptographically secure match storage. @DataHaven_xyz",2025-12-18 14:10:02+00:00,1627605670785847297,0,0,0,0,positive,0.8,match security,"['blockchain gaming', 'esports integrity', 'data security']",[],['DataHaven'],[],[],news,DataHaven promotes their cryptographically secure match storage solution for improving transparency and reliability in competitive gaming and esports.,2026-01-10 11:38:45.176436
2001656180494753855,"@DJK1NG_Gaming you stupid asf man its not like hes holding a parry key he needs to time each button within like 0.5 seconds of each swing. Just tell me ur bad and never played a from game ,✌️",2025-12-18 14:09:57+00:00,1478872172160446464,0,0,0,0,negative,0.2,game difficulty,"['combat mechanics', 'parrying', 'FromSoftware games']",['FromSoftware games'],['FromSoftware'],[],['DJK1NG_Gaming'],complaint,User aggressively defends the difficulty of timing-based parrying mechanics in FromSoftware games while insulting another player's skill level.,2026-01-10 11:38:49.796118
2001656174765314157,"GM legends! ☕  

Thursday energy – pushing through the week like a boss fight.  
What’s one thing getting you hyped today? Nodes, games, or holiday vibes?  

Drop it below 👇  

Decentralized gaming incoming 🚀  
@YOM_Official
#YOM #DePIN #CloudGaming",2025-12-18 14:09:55+00:00,1686046872660787200,0,0,0,0,positive,0.85,decentralized gaming,"['decentralized gaming', 'community engagement', 'cloud gaming', 'blockchain gaming']",[],['YOM_Official'],"['YOM', 'DePIN']",[],discussion,"Community engagement post asking followers about their excitement for nodes, games, or holidays while promoting decentralized gaming through YOM platform.",2026-01-10 11:38:54.371631
2001656167119069236,"@TheTrueVanguard Old enough to have coded games from computer magazine into a C-64 with a high school buddy.  
Now my son builds expensive gaming systems for himself.",2025-12-18 14:09:53+00:00,275295892,0,0,0,0,positive,0.7,gaming nostalgia,"['retro gaming', 'generational gaming', 'gaming evolution']",[],[],['C-64'],['@TheTrueVanguard'],discussion,User shares nostalgic memories of coding games on Commodore 64 and mentions how their son now builds modern gaming systems.,2026-01-10 11:38:59.128067
2001656155698090005,"Crypto gaming is leveling up investment trends! With more players jumping into innovative platforms, we're seeing huge growth potential. Who knows? The next big gaming breakthrough could reshape the industry. Exciting times ahead for gamers and investors alike!",2025-12-18 14:09:51+00:00,1773692507349458944,0,0,0,0,positive,0.85,crypto gaming,"['crypto gaming', 'investment trends', 'industry growth', 'innovation']",[],[],[],[],excitement,Tweet expresses enthusiasm about crypto gaming's growth potential and investment opportunities in the gaming industry.,2026-01-10 11:39:02.651849
2001656130074968152,@DramaAlert Flagship Smartphones still weaker than Entry Level Gaming PC 😭,2025-12-18 14:09:45+00:00,1750770867305652224,0,0,0,0,negative,0.3,hardware comparison,"['mobile gaming', 'PC gaming', 'hardware performance']",[],['DramaAlert'],"['PC', 'smartphone']",[],complaint,User complains that flagship smartphones are still less powerful than entry-level gaming PCs.,2026-01-10 11:39:06.696006
2001656120679535034,@nuhre_ We fucking can’t have anything these days. I recently caught someone here saying BLOOD should be removed from gaming entirely,2025-12-18 14:09:42+00:00,1773678475230003200,0,0,0,0,negative,0.2,gaming censorship,"['censorship', 'gaming content', 'violence removal']",[],[],[],['nuhre_'],complaint,User expresses frustration about someone wanting to remove blood from gaming entirely.,2026-01-10 11:39:10.426853
2001656106553065737,@betfury_gaming Anthony joshua. Username: User9394322,2025-12-18 14:09:39+00:00,1374860386281922566,0,0,0,0,neutral,0.5,user identification,"['gaming platform', 'user account', 'boxer reference']",[],['betfury'],['betfury'],['Anthony Joshua'],other,User mentions boxer Anthony Joshua and provides their username for BetFury gaming platform.,2026-01-10 11:39:14.432373
2001656105923924236,"@BetMode_io @imblackbrownish BFwLH1mVisukhxWGqwdUqfstTVWSuqbRX6sVXwrbwAaN 

Growing up as the only child, my parents were not always around. I had to find something that would keep me company and that’s when I started gaming. Whichever way I felt I played games. It became more than a hobby it is a part of me",2025-12-18 14:09:39+00:00,1941607326634463232,0,0,0,0,positive,0.7,gaming childhood,"['personal story', 'gaming companionship', 'childhood experiences']",[],['BetMode_io'],[],['imblackbrownish'],discussion,User shares how gaming became a companion during their childhood as an only child with absent parents.,2026-01-10 11:39:18.734647
2001656103638081977,"Forget Mac Mini, Amazon’s 4.5-Star Gaming Mini PC Just Hit All-Time Low and Extra Coupon Makes It Even Cheaper",2025-12-18 14:09:38+00:00,127523576,0,0,0,0,positive,0.8,gaming PC deal,"['gaming PC', 'discount', 'product recommendation']",[],"['Amazon', 'Apple']",['Mac Mini'],[],news,Amazon's highly-rated gaming mini PC has reached its lowest price with additional coupon savings available.,2026-01-10 11:39:23.138169
2001656098894549246,"@SkyMeaty_Gaming The number of bots reached out to you 😭 I've just recently made for @ZSelection_ something like you're looking for, you can message me.",2025-12-18 14:09:37+00:00,1828443140740542464,0,0,0,0,neutral,0.6,gaming services,"['bot outreach', 'gaming services', 'business offer']",[],[],[],"['SkyMeaty_Gaming', 'ZSelection_']",other,A person is offering gaming-related services to SkyMeaty_Gaming while commenting on bot outreach issues.,2026-01-10 11:39:27.358275
2001656091177071047,Sei gaming is here to stay https://t.co/sI6GNER8sD,2025-12-18 14:09:35+00:00,391474015,0,2,2,0,positive,0.8,Sei gaming,"['Sei gaming', 'blockchain gaming', 'platform announcement']",[],['Sei'],['Sei'],[],excitement,User expresses enthusiasm about Sei gaming platform having staying power in the market.,2026-01-10 11:39:31.009190
2001656076933210217,@EmpatheticGmr Now we’re gaming 😎🔥,2025-12-18 14:09:32+00:00,1860298227578187776,0,0,0,0,positive,0.8,gaming session,"['gaming', 'social interaction', 'enthusiasm']",[],[],[],['EmpatheticGmr'],excitement,User expresses excitement about starting a gaming session with another user.,2026-01-10 11:39:34.942664
2001656074039079301,"Ans 1 :- 12 years #OnePlus15R #OnePlusPadGo2

Ans 2 :- Mint Breeze #OnePlus15R 
#RiseAsOne

Ans 3 :- TP-Link #OnePlus15R #RiseAsOne

Ans 4 :- Jonathan Gaming #OnePlus15R #RiseAsOne 

Ans 5 :- 32MP front camera #OnePlus15R #RiseAsOne https://t.co/SpSReDDPzR",2025-12-18 14:09:31+00:00,1183335323171864576,0,0,0,0,neutral,0.6,product contest,"['contest answers', 'smartphone specs', 'tech products']",[],"['OnePlus', 'TP-Link']",[],['Jonathan Gaming'],other,User providing contest answers about OnePlus products including device specs and features.,2026-01-10 11:39:39.621638
2001656055252832471,@0xWANXIAO @0xMiden private co-op gaming on this would go crazy,2025-12-18 14:09:27+00:00,4482590292,0,0,0,0,positive,0.8,co-op gaming,"['cooperative gaming', 'private gaming', 'blockchain gaming']",[],['0xMiden'],['0xMiden'],['0xWANXIAO'],excitement,User expresses enthusiasm about the potential for private cooperative gaming on the 0xMiden platform.,2026-01-10 11:39:43.751881
2001656051402469752,"@BabyLuma_POP Exciting to see #BabyLuma's innovative approach to P2E gaming on #POPCHAIN! Good luck to all participants in the $10,000 USD giveaway!
LFG @Antonyducky  @sadamhero07  @miruku_xd 
0xf9F408d95B44Cd8845377F33D1c317c8c1869bf8",2025-12-18 14:09:26+00:00,160731475,0,0,0,0,positive,0.9,P2E gaming,"['play-to-earn', 'cryptocurrency giveaway', 'blockchain gaming']",['BabyLuma'],['BabyLuma_POP'],['POPCHAIN'],"['Antonyducky', 'sadamhero07', 'miruku_xd']",excitement,"User expresses excitement about BabyLuma's P2E gaming approach and promotes a $10,000 giveaway while tagging friends.",2026-01-10 11:39:48.314737
2001656046960677235,@MDSumon68209331 This is the right direction 🔥 fair play without invasive spyware is a huge win. Proving skill on-chain while keeping privacy intact is next-gen gaming. $ZAMA 🚀,2025-12-18 14:09:25+00:00,1640458896878780417,0,0,0,0,positive,0.85,blockchain gaming,"['fair play', 'privacy protection', 'blockchain gaming', 'cryptocurrency']",[],['ZAMA'],[],['MDSumon68209331'],excitement,User expresses enthusiasm about privacy-focused blockchain gaming technology that enables fair play without invasive monitoring.,2026-01-10 11:39:52.461891
2001656046691995673,@timaxbt @SCORProtocol scor protocol is making significant advancements in gaming integration,2025-12-18 14:09:25+00:00,1396579587900022788,0,0,0,0,positive,0.7,protocol advancement,"['gaming integration', 'protocol development', 'blockchain gaming']",[],['SCOR Protocol'],['SCOR Protocol'],['timaxbt'],news,SCOR Protocol is making significant progress in gaming integration according to this positive announcement.,2026-01-10 11:39:56.674815
2001656037875556618,"@DJK1NG_Gaming What can I say I love learning boss moves, I love learning how to punish them accordingly, I love that some attacks can just be walked past, and that's just a portion of what makes fromsoftware gameplay good and addictive",2025-12-18 14:09:23+00:00,1991581466812379136,0,0,0,0,positive,0.9,FromSoftware gameplay,"['boss mechanics', 'combat strategy', 'game design']",[],['FromSoftware'],[],['@DJK1NG_Gaming'],excitement,Player expresses enthusiasm for FromSoftware's boss fight mechanics and combat design philosophy.,2026-01-10 11:40:00.979241
2001656037569347925,"@duel_duck is a PvP gaming protocol where players enter 1v1 duels using in-game assets represented on-chain. Each duel is trustless and verifiable, meaning every match, stake, and reward is executed via smart contracts. This ensures fairness, transparency, and instant settlement https://t.co/vFWaQ7DAJ0",2025-12-18 14:09:22+00:00,1340382984600469511,0,1,2,0,positive,0.8,blockchain gaming,"['PvP gaming', 'smart contracts', 'blockchain protocol']",['duel_duck'],[],[],[],news,Duel Duck is a blockchain-based PvP gaming protocol that enables trustless 1v1 duels with on-chain asset representation and smart contract execution.,2026-01-10 11:40:04.986414
2001656033651872252,"Real world gaming becomes meaningful when location verification does not rely on trust. Without GPS spoofing or fake check ins, XYO enables play to earn games to operate fairly by making cheating far more difficult.

The strength of the dual token model lies in its clarity.",2025-12-18 14:09:22+00:00,1722647495770013696,0,0,0,0,positive,0.75,blockchain gaming,"['location verification', 'play to earn', 'anti-cheating technology']",['play to earn games'],['XYO'],[],[],discussion,XYO's location verification technology makes real-world gaming fairer by preventing GPS spoofing and fake check-ins in play-to-earn games.,2026-01-10 11:40:09.167964
2001656010503774362,"AI-powered copy trading.
LEGAS helps you mirror top crypto traders with automated precision.

 @FhilipGreen @kedroc_gaming @pixel_on

Ad Reference: 752d5b6e-2554-4a79-88e2-e51b155d15f6 https://t.co/x3uHQXFsId",2025-12-18 14:09:16+00:00,906601616521912320,0,0,0,0,positive,0.7,crypto trading,"['AI trading', 'cryptocurrency', 'automation', 'copy trading']",[],['LEGAS'],['Twitter'],"['FhilipGreen', 'kedroc_gaming', 'pixel_on']",other,Advertisement for LEGAS AI-powered copy trading service that helps users automatically mirror top cryptocurrency traders.,2026-01-10 11:40:13.313274
2001655994875838515,"@Oskidothegreat_ @arbitrum Paw Pals is bringing fun, onchain gaming to Arbitrum! Get ready to explore, decorate, and test your NFT collections",2025-12-18 14:09:12+00:00,1752796166989705216,0,0,0,0,positive,0.8,game announcement,"['blockchain gaming', 'NFT collections', 'game promotion']",['Paw Pals'],[],['Arbitrum'],['Oskidothegreat_'],excitement,"Tweet promotes Paw Pals as an upcoming onchain game on Arbitrum featuring exploration, decoration, and NFT integration.",2026-01-10 11:40:17.580250
2001655975292674158,"ivontx is heading to ICE Barcelona 2026 🇪🇸
Turnkey, white-label platforms for Sweepstakes, Social Casino &amp; Real Money Gaming.
📍 Stand 2T14 | Jan 19–21

Let’s talk scale, compliance, and growth. 🤝
Schedule a meeting with us &gt;&gt; https://t.co/hgvodxI8uo https://t.co/79wH24Tezk",2025-12-18 14:09:08+00:00,1791124456661770240,0,0,0,0,positive,0.8,trade show,"['conference', 'gaming platforms', 'business development']","['Sweepstakes', 'Social Casino', 'Real Money Gaming']",['ivontx'],['white-label platforms'],[],news,ivontx announces their participation at ICE Barcelona 2026 conference promoting their gaming platform solutions.,2026-01-10 11:40:22.005448
2001655968153915828,"@oneplus Jonathan Gaming
#OnePlus15R #OnePlusPadGo2
#RiseAsOne",2025-12-18 14:09:06+00:00,1355395215213817857,0,0,0,0,positive,0.7,device promotion,"['hardware', 'mobile gaming', 'brand promotion']",[],['OnePlus'],"['OnePlus15R', 'OnePlusPadGo2']",['Jonathan Gaming'],excitement,Gaming influencer promotes OnePlus devices with branded hashtags.,2026-01-10 11:40:25.926594
2001655965255336020,@blaxus_gaming Okay I will text you if there is something new follow me back and let's keep informing eachother.,2025-12-18 14:09:05+00:00,1897459098909609984,0,0,0,0,positive,0.7,community networking,"['networking', 'communication', 'follow back']",[],[],[],['blaxus_gaming'],discussion,A gamer proposes mutual following and ongoing communication to share gaming updates with another user.,2026-01-10 11:40:30.402851
2001655955738824707,"@RializeRialiez def an unexplored time period for gaming, especially considering the potential 

everything's always medieval or ww2 or sci fi, i fear the grounded nature of the frontier is intimidating to try to promote to a shareholder lmaooo",2025-12-18 14:09:03+00:00,777570296773607424,0,0,0,0,neutral,0.6,game settings,"['historical periods', 'game development', 'business decisions']",[],[],[],['RializeRialiez'],discussion,"User discusses how frontier/western time periods are underexplored in gaming compared to common medieval, WW2, and sci-fi settings, suggesting shareholders may find the grounded nature less marketable.",2026-01-10 11:40:35.277335
2001655951359700993,"Fair competition in esports depends on trust. @DataHaven_xyz brings tamper-proof, verifiable match storage so game results, replays, and histories can’t be altered or erased—setting a new standard for integrity in competitive gaming. 🎮🔐

@datahaven_xyz",2025-12-18 14:09:02+00:00,1347325640,0,0,0,0,positive,0.8,esports integrity,"['esports', 'data security', 'competitive gaming', 'blockchain technology', 'match verification']",[],['DataHaven_xyz'],[],[],news,DataHaven_xyz promotes their tamper-proof match storage solution to ensure integrity and trust in competitive esports.,2026-01-10 11:40:39.683729
2001655946955886914,"@yelldeadjell Joycons are comfy and compact. Perfect controllers for the steam deck or just lazy gaming. Also, other controllers just have more functionality and features, whether it be gyro, hall effect sticks, a touch pad etc.  Xbox controllers are great, but very basic otherwise.",2025-12-18 14:09:01+00:00,1595230623915864065,0,0,0,0,neutral,0.6,controller comparison,"['controller design', 'gaming hardware', 'feature comparison']",[],"['Nintendo', 'Microsoft', 'Xbox']",['Steam Deck'],['yelldeadjell'],discussion,"User discusses the pros and cons of different gaming controllers, praising Joycons for portability while noting Xbox controllers are basic despite being great.",2026-01-10 11:40:44.428380
2001655888244011216,@MKULTRAMISH Basically GTA 6 took so long because people allow Rockstar to do that basically they give companies all the excuses to either release games too much or not to release them at all and in the way that we are heading maybe they would try to force cloud gaming like they did with,2025-12-18 14:08:47+00:00,1997732787600908288,0,1,1,0,negative,0.2,game delays,"['game development delays', 'corporate practices', 'cloud gaming']",['GTA 6'],['Rockstar'],[],['MKULTRAMISH'],complaint,User criticizes Rockstar for taking too long with GTA 6 and blames consumers for enabling poor release practices and potential cloud gaming push.,2026-01-10 11:40:48.865787
2001655882225193165,@SkyMeaty_Gaming i can help you for this please let me know in the dm,2025-12-18 14:08:45+00:00,1694639236459397120,0,0,0,0,positive,0.7,offer help,"['assistance', 'collaboration', 'direct message']",[],[],[],['SkyMeaty_Gaming'],other,User offers help to SkyMeaty_Gaming and requests to discuss via direct message.,2026-01-10 11:40:52.815572
2001655845478695336,My rtx 5090 persona 3 reload build is now the best deal in gaming when I built it 😎👌👌 https://t.co/AVY4SFb9k9 https://t.co/iF6DjUnbhO,2025-12-18 14:08:37+00:00,3338012537,0,0,0,0,positive,0.8,PC build,"['hardware', 'gaming build', 'graphics card']",['Persona 3 Reload'],['NVIDIA'],['PC'],[],excitement,"User excitedly shares their RTX 5090 gaming PC build optimized for Persona 3 Reload, claiming it's the best gaming deal.",2026-01-10 11:40:56.782657
2001655838575071466,@crypto_creed1 @Spaace This is fascinating data! The growth of gaming NFTs is impressive. Excited to see how @spaace continues to lead in this evolving marketplace.,2025-12-18 14:08:35+00:00,1478380200475906064,0,0,0,0,positive,0.8,gaming NFTs,"['NFT marketplace', 'gaming blockchain', 'market growth']",[],['Spaace'],['Spaace'],['crypto_creed1'],excitement,User expresses enthusiasm about gaming NFT growth data and Spaace's marketplace leadership.,2026-01-10 11:41:00.670182
2001655834368160188,"Gta 5 Online
#parati  #fypage  #GTA6  #GTA5  #gaming https://t.co/T4QbfsKVq1",2025-12-18 14:08:34+00:00,1733332987947671552,0,0,0,0,neutral,0.5,GTA content,"['GTA Online', 'gaming content', 'social media promotion']","['GTA 5', 'GTA 6']",[],[],[],other,A promotional post about GTA 5 Online content with hashtags for social media visibility.,2026-01-10 11:41:05.033175
2001655825165951089,"On game night @carv_official, 18 December 2025, at 19:00 IWST, Ninja Party Game Night was absolutely electric, with full lobbies, clutch moments, and nonstop hype as everyone jumped in to compete for prizes in $CARV. 
This is what blockchain gaming is all about: connecting https://t.co/zvfPg5wz7F https://t.co/He9XXMcby6",2025-12-18 14:08:32+00:00,1858751773676355584,0,0,1,0,positive,0.9,blockchain gaming,"['game night', 'blockchain gaming', 'competition', 'community event']",['Ninja Party Game Night'],['CARV'],['CARV'],[],excitement,Player enthusiastically reports on an electric blockchain gaming event with full lobbies and prize competitions in CARV tokens.,2026-01-10 11:41:09.501842
2001655792512938407,@AnAverageGamerX i mean im gaming just fine on my pc hbu?,2025-12-18 14:08:24+00:00,794806019377479680,0,0,0,0,positive,0.7,PC gaming,"['PC gaming', 'casual conversation', 'gaming experience']",[],[],['PC'],['AnAverageGamerX'],discussion,User responds positively about their PC gaming experience and asks about the other person's gaming situation.,2026-01-10 11:41:13.487705
2001655784149786876,"@jojo102102 Run For Pi proves how gaming can drive Pi adoption, creating a positive feedback loop between fun, competition, and economic value.We support this app 💫💫💫
GENERAL MARIVIC🇵🇭🇵🇭🇵🇭",2025-12-18 14:08:22+00:00,1492506247761113092,0,0,1,0,positive,0.85,Pi adoption,"['cryptocurrency adoption', 'gaming economics', 'app endorsement']",['Run For Pi'],[],['Pi'],"['jojo102102', 'General Marivic']",excitement,User enthusiastically endorses Run For Pi app for its role in driving Pi cryptocurrency adoption through gaming.,2026-01-10 11:41:17.611765
2001655768274341941,the 4* lineup is my dream😭😭😭😭😭😭😭 im so fuckin scared who will they put on bina’s banner 😭😭😭 my iansan is still c1 &amp; gaming is c3 🤡i guess i’ll let them be dogsh*t a lil bit longer… dont want to risk my guaranteed https://t.co/QnXXEhQwgF,2025-12-18 14:08:18+00:00,1201747305604321282,0,1,0,0,negative,0.3,banner concerns,"['gacha banners', 'character constellations', 'summoning strategy']",['Genshin Impact'],[],[],"['Bina', 'Iansan', 'Gaming']",complaint,Player is worried about upcoming banner characters while having low constellation characters they want to improve but don't want to risk their guaranteed pull.,2026-01-10 11:41:22.252406
2001655766927782152,"@FriendlyHabu NVDIA is decreasing the production on gaming GPUs, so it’s going to be not just more difficult to find them, but also WAY more expensive",2025-12-18 14:08:18+00:00,1663462275364134912,0,1,1,0,negative,0.2,GPU shortage,"['GPU availability', 'pricing', 'hardware shortage']",[],['NVIDIA'],[],['FriendlyHabu'],news,User warns about NVIDIA reducing gaming GPU production leading to scarcity and higher prices.,2026-01-10 11:41:26.163086
2001655748455969110,@Jaxon0x this feels like long term ai gaming not a quick play loop,2025-12-18 14:08:14+00:00,1498076665917939719,0,0,0,0,neutral,0.6,AI gaming,"['AI gaming', 'game design', 'gameplay mechanics']",[],[],[],['Jaxon0x'],discussion,User discusses AI gaming as being more suited for long-term engagement rather than quick gameplay sessions.,2026-01-10 11:41:30.061006
2001655696270471222,"🔊 Bose TV Speaker Bluetooth Soundbar in Black

$199.99 (reg $279.99)
You save $80.00 (28.6%)
🛒 https://t.co/gpMmttDp3g

📺 AOC 27"" 27G50F FHD IPS Gaming Monitor

$89.99 (reg $139.99)
You save $50.00 (35.7%)
🛒 https://t.co/rKcdpnIpM4 https://t.co/U0Ak0jxJob",2025-12-18 14:08:01+00:00,1342131942989422592,0,0,0,0,positive,0.8,gaming deals,"['hardware deals', 'gaming accessories', 'discount promotion']",[],"['Bose', 'AOC']",[],[],news,Tweet promotes discounted gaming hardware including a Bose soundbar for $199.99 and an AOC gaming monitor for $89.99.,2026-01-10 11:41:34.139625
2001655685864657025,"The rise in blockchain gaming is fascinating but raises some eyebrows. As players jump in, are we seeing real innovation, or just a hype bubble? Let's stay curious and cautious about where this tech is taking us and how it affects the gaming community. Thoughts?",2025-12-18 14:07:59+00:00,1773692418891649025,0,0,0,0,neutral,0.5,blockchain gaming,"['blockchain gaming', 'innovation', 'community impact']",[],[],[],[],discussion,"A thoughtful discussion about blockchain gaming's rise, questioning whether it represents genuine innovation or just hype while encouraging community discourse.",2026-01-10 11:41:38.107330
2001655684895834210,@2_Old_4_Gaming we need this and LittleBigPlanet Vita ported,2025-12-18 14:07:58+00:00,370241578,0,0,0,0,positive,0.7,game ports,"['game porting', 'LittleBigPlanet', 'Vita games']",['LittleBigPlanet Vita'],[],['Vita'],['@2_Old_4_Gaming'],discussion,User expressing desire for LittleBigPlanet Vita and another unspecified game to be ported to other platforms.,2026-01-10 11:41:42.130392
2001655644294713847,"Entry Form: https://t.co/sscUj8NH8T

For Terms and Conditions, view the link and click the ""Rules"" tab.",2025-12-18 14:07:49+00:00,168630392,0,0,0,0,neutral,0.5,contest entry,"['contest', 'entry form', 'rules']",[],[],[],[],other,Tweet provides instructions for accessing a contest entry form and terms and conditions.,2026-01-10 11:41:45.486000
2001655633314267378,Every Hacksaw Gaming slot bonus episode 57 Donny and Danny https://t.co/FHmbtz7F6p via @YouTube @hacksawgaming @HacksawOpenRGS Day 27 of asking for merch :p #ukslots #GamblingX,2025-12-18 14:07:46+00:00,1450181956562571276,0,0,0,0,positive,0.7,slot bonus,"['slot gaming', 'bonus episodes', 'merchandise request']",[],"['Hacksaw Gaming', 'HacksawOpenRGS']",['YouTube'],"['Donny', 'Danny']",excitement,User shares episode 57 of Hacksaw Gaming slot bonus content while requesting merchandise for the 27th day.,2026-01-10 11:41:49.815305
2001655622350078051,"@PowerGPU Great, so my 3060ti just died, got to save to replace it and if this is true it's going to drive up prices 😭 No PC gaming for a while for me",2025-12-18 14:07:43+00:00,1363666659832180737,0,0,0,0,negative,0.1,hardware failure,"['hardware failure', 'GPU prices', 'gaming accessibility']",[],"['PowerGPU', 'NVIDIA']",['PC'],[],complaint,User's 3060ti graphics card died and they're concerned about rising GPU prices affecting their ability to replace it and continue PC gaming.,2026-01-10 11:41:54.429633
2001655584056316400,"@0xCrocy @Kindred_AI kindred ai turning solo gaming into a squad session, love it",2025-12-18 14:07:34+00:00,1097806680375492609,0,0,1,0,positive,0.8,AI gaming companion,"['AI gaming', 'multiplayer experience', 'gaming enhancement']",[],['Kindred_AI'],[],['0xCrocy'],excitement,"User expresses enthusiasm about Kindred AI's ability to transform solo gaming into a more social, squad-like experience.",2026-01-10 11:41:58.460309
2001655577785893171,"DM now for 2D/3D Vtuber Model!

Now available here every kind of Arts.
#gaming #gamestream #livestream #streamer #twitch #twitchstreamer #twitchgaming #vtuber #vtuberlive #vtuberstream #vtubercommunity #virtualyoutuber #animevtuber #pngtuber #gamingcommunity #gamerlife #pcgaming https://t.co/eL275gyI4H",2025-12-18 14:07:33+00:00,1887980906914398209,0,0,0,0,positive,0.7,VTuber Services,"['vtuber model creation', 'streaming services', 'digital art commission']",[],[],['Twitch'],[],other,User is advertising their services for creating 2D/3D VTuber models and various types of art for streamers.,2026-01-10 11:42:02.927867
2001655571490213979,@Arlo140f3qz Useful gaming guide.,2025-12-18 14:07:31+00:00,1786799937935589377,0,0,0,0,positive,0.7,gaming guide,"['gaming guide', 'recommendation', 'utility']",[],[],[],['Arlo140f3qz'],review,User positively acknowledges a gaming guide as useful.,2026-01-10 11:42:06.557912
2001655556130705499,"In-game assets are meant to be used, not flipped instantly.

@Immutable launching a GBM Auction House could set real value for game items while rewarding players who actually care about the ecosystem.

This is how Web3 gaming matures.

@GBMauction",2025-12-18 14:07:28+00:00,342153773,0,0,0,0,positive,0.75,Web3 gaming,"['Web3 gaming', 'NFT marketplace', 'game economics', 'auction system']",[],"['Immutable', 'GBMauction']",['Immutable'],[],discussion,User advocates for GBM Auction House on Immutable to create real value for game items and reward genuine players in Web3 gaming ecosystem.,2026-01-10 11:42:10.907881
2001655526724088246,"@Dexerto If you’re anti A.i., you might as well stop gaming…",2025-12-18 14:07:21+00:00,1835063661154455552,0,0,0,0,neutral,0.5,AI gaming,"['artificial intelligence', 'gaming industry', 'technology debate']",[],['Dexerto'],[],[],discussion,User argues that being against AI is incompatible with gaming in response to Dexerto.,2026-01-10 11:42:14.702832
